{
    "MSE": 404732979411.82,
    "RMSE": 636186.2772897731,
    "MAE": 390199.94,
    "R2": -0.4536350090185375
}