{
    "MSE": 427177938443.925,
    "RMSE": 653588.5085005129,
    "MAE": 400217.445,
    "R2": -0.5342481042806773,
    "n_samples": 200,
    "eval_time (min)": 2.82,
    "response_time (min)": 0.0141,
    "eval_device": "gpu-t4x2",
    "model_name": "Qwen3-0.6B",
    "missing_pred(%)": 0.0
}