{
    "MSE": 428368963146.25,
    "RMSE": 654499.0169177109,
    "MAE": 404009.03,
    "R2": -0.5385257769487695
}