MSE,RMSE,MAE,R2,n_samples,eval_time (min),response_time (min),eval_device,in_token_limit,out_token_limit,n_params,size,missing_pred(%)
165915637466.885,407327.43274530995,198903.515,0.40409901976362583,200,2.82,0.0141,gpu-t4x2,~32K,~8,0.8B (600M),~1.5 GB + 160M,0.0
404732979411.82,636186.2772897731,390199.94,-0.4536350090185375,200,2.45,0.01225,remote-api,~1M,~8K,~8B,-,70.0
429225476997.24,655153.0180020848,403870.53,-0.5416020237160029,200,2.82,0.0141,gpu-t4x2,~32K,~8,0.8B (600M),~1.5 GB,0.0
