MSE,RMSE,MAE,R2,n_samples,eval_time (min),response_time (min),missing_pred(%),eval_device
404732979411.82,636186.2772897731,390199.94,-0.4536350090185375,200,2.45,0.01225,70.0,remote-api
427177938443.925,653588.5085005129,400217.445,-0.5342481042806773,200,2.82,0.0141,0.0,gpu-t4x2
273433155978.25,522908.3628880399,239957.21,0.01794015221087597,200,2.82,0.0141,0.0,gpu-t4x2
